{
    "model_type": "content-based",
    "average_content_similarity": 0.4283543415378839,
    "average_cluster_similarity": 0.9867503368353343,
    "average_genre_similarity": 0.9190428571428572,
    "average_thematic_similarity": 0.6779666666666665,
    "overall_score": 0.7530285505456854,
    "sample_size": 100,
    "successful_evaluations": 30,
    "cross_platform_percentage": 66.66666666666666,
    "platform_distribution": {
        "Netflix": 0.0,
        "Amazon Prime": 50.0,
        "Hulu": 50.0
    },
    "cluster_coverage": 0.65,
    "active_clusters": 26
}